,Dakansy-Macherla,,,,,,,,,,,,,,,,,,,,,,,,,,,,,,,,,,,,,,,,,,,,,,,,,,,,,,,,,,,,,,,,,,,,,,,,
,Select a period to highlight at right.  A legend describing the charting follows.,,,,,,,,, Period Highlight:,1,,,Plan Duration,,,,,,Actual Start,,,,,% Complete,,,,,Actual (beyond plan),,,,,,,,% Complete (beyond plan),,,,,,,,,,,,,,,,,,,,,,,,,,,,,,,,,,,
S.NO.,ACTIVITY,QUANTITY,UNIT,PLANNED START,PLANNED DURATION,PLANNED FINISH,ACTUAL START,ACTUAL DURATION,ACTUAL FINISH,PERCENT COMPLETE,PERIODS,,,,,,,,,,,,,,,,,,,,,,,,,,,,,,,,,,,,,,,,,,,,,,,,,,,,,,,,,,,,,,
,,,,,,,,,,,05-Apr,06-Apr,07-Apr,08-Apr,09-Apr,10-Apr,11-Apr,12-Apr,13-Apr,14-Apr,15-Apr,16-Apr,17-Apr,18-Apr,19-Apr,20-Apr,21-Apr,22-Apr,23-Apr,24-Apr,25-Apr,26-Apr,27-Apr,28-Apr,29-Apr,30-Apr,01-May,02-May,03-May,04-May,05-May,06-May,07-May,08-May,09-May,10-May,11-May,12-May,13-May,14-May,15-May,16-May,17-May,18-May,19-May,20-May,21-May,22-May,23-May,24-May,25-May,26-May,27-May,28-May,29-May,30-May,31-May,01-Jun,02-Jun,03-Jun,04-Jun,05-Jun,06-Jun
,PRELIMINARY WORKS,,,,,,,,,,,,,,,,,,,,,,,,,,,,,,,,,,,,,,,,,,,,,,,,,,,,,,,,,,,,,,,,,,,,,,,,
1,Site Leveling and Grading,8,Acres,05 April 2026,5,10 April 2026,,,,,,,,,,,,,,,,,,,,,,,,,,,,,,,,,,,,,,,,,,,,,,,,,,,,,,,,,,,,,,,,,,,
2,Construction of Boundary Wall,1000,Mtrs,08 April 2026,6,14 April 2026,,,,,,,,,,,,,,,,,,,,,,,,,,,,,,,,,,,,,,,,,,,,,,,,,,,,,,,,,,,,,,,,,,,
3,PROCUREMENT - DELIVERY DATES,,,,,,,,,,,,,,,,,,,,,,,,,,,,,,,,,,,,,,,,,,,,,,,,,,,,,,,,,,,,,,,,,,,,,,,,
4,PV Modules,2.4,MWp,10 March 2026,65,14 May 2026,,,,,,,,,,,,,,,,,,,,,,,,,,,,,,,,,,,,,,,,,,,,,,,,,,,,,,,,,,,,,,,,,,,
5,Inverters,8,Nos,15 April 2026,10,25 April 2026,,,,,,,,,,,,,,,,,,,,,,,,,,,,,,,,,,,,,,,,,,,,,,,,,,,,,,,,,,,,,,,,,,,
,MMS Columns,880,Nos,10 March 2026,40,19 April 2026,,,,,,,,,,,,,,,,,,,,,,,,,,,,,,,,,,,,,,,,,,,,,,,,,,,,,,,,,,,,,,,,,,,
,MMS Super Structure,76,Tables,15 April 2026,25,10 May 2026,,,,,,,,,,,,,,,,,,,,,,,,,,,,,,,,,,,,,,,,,,,,,,,,,,,,,,,,,,,,,,,,,,,
6,LT Panel,1,No,15 April 2026,30,15 May 2026,,,,,,,,,,,,,,,,,,,,,,,,,,,,,,,,,,,,,,,,,,,,,,,,,,,,,,,,,,,,,,,,,,,
7,IDT,1,No,15 April 2026,30,15 May 2026,,,,,,,,,,,,,,,,,,,,,,,,,,,,,,,,,,,,,,,,,,,,,,,,,,,,,,,,,,,,,,,,,,,
8,HT Panel,1,No,15 April 2026,45,30 May 2026,,,,,,,,,,,,,,,,,,,,,,,,,,,,,,,,,,,,,,,,,,,,,,,,,,,,,,,,,,,,,,,,,,,
9,DC Cables,1,Lot,15 April 2026,5,20 April 2026,,,,,,,,,,,,,,,,,,,,,,,,,,,,,,,,,,,,,,,,,,,,,,,,,,,,,,,,,,,,,,,,,,,
10,LT Cables,1,Lot,15 April 2026,5,20 April 2026,,,,,,,,,,,,,,,,,,,,,,,,,,,,,,,,,,,,,,,,,,,,,,,,,,,,,,,,,,,,,,,,,,,
11,HT Cables,1,Lot,15 April 2026,5,20 April 2026,,,,,,,,,,,,,,,,,,,,,,,,,,,,,,,,,,,,,,,,,,,,,,,,,,,,,,,,,,,,,,,,,,,
12,Aux System,1,Lot,15 April 2026,35,20 May 2026,,,,,,,,,,,,,,,,,,,,,,,,,,,,,,,,,,,,,,,,,,,,,,,,,,,,,,,,,,,,,,,,,,,
13,Earthing and Lightning Material,1,Lot,15 April 2026,30,15 May 2026,,,,,,,,,,,,,,,,,,,,,,,,,,,,,,,,,,,,,,,,,,,,,,,,,,,,,,,,,,,,,,,,,,,
14,MMS AND MODULE ERECTION WORKS,,,,,,,,,,,,,,,,,,,,,,,,,,,,,,,,,,,,,,,,,,,,,,,,,,,,,,,,,,,,,,,,,,,,,,,,
15,Marking and Drilling,880,Nos,10 April 2026,10,20 April 2026,13 April 2026,9,22 April 2026,,,,,,,,,,,,,,,,,,,,,,,,,,,,,,,,,,,,,,,,,,,,,,,,,,,,,,,,,,,,,,,,
16,Concreting and Column Erection,880,Nos,20 April 2026,10,30 April 2026,,,,,,,,,,,,,,,,,,,,,,,,,,,,,,,,,,,,,,,,,,,,,,,,,,,,,,,,,,,,,,,,,,,
17,Structure Erection,76,Tables,11 May 2026,10,21 May 2026,,,,,,,,,,,,,,,,,,,,,,,,,,,,,,,,,,,,,,,,,,,,,,,,,,,,,,,,,,,,,,,,,,,
19,Module Erection,76,Tables,14 May 2026,10,24 May 2026,,,,,,,,,,,,,,,,,,,,,,,,,,,,,,,,,,,,,,,,,,,,,,,,,,,,,,,,,,,,,,,,,,,
20,Modules Alignment and Tightening,76,Tables,24 May 2026,5,29 May 2026,,,,,,,,,,,,,,,,,,,,,,,,,,,,,,,,,,,,,,,,,,,,,,,,,,,,,,,,,,,,,,,,,,,
21,DC WORKS,,,,,,,,,,,,,,,,,,,,,,,,,,,,,,,,,,,,,,,,,,,,,,,,,,,,,,,,,,,,,,,,,,,,,,,,
22,Module Stringing,76,Tables,25 May 2026,2,27 May 2026,,,,,,,,,,,,,,,,,,,,,,,,,,,,,,,,,,,,,,,,,,,,,,,,,,,,,,,,,,,,,,,,,,,
23,Erection of Inverters,8,Nos,01 May 2026,2,03 May 2026,,,,,,,,,,,,,,,,,,,,,,,,,,,,,,,,,,,,,,,,,,,,,,,,,,,,,,,,,,,,,,,,,,,
24,Trench Excavation - AC/ DC Cable,1,Lot,30 April 2026,4,04 May 2026,,,,,,,,,,,,,,,,,,,,,,,,,,,,,,,,,,,,,,,,,,,,,,,,,,,,,,,,,,,,,,,,,,,
25,DC Cabling,8,Lots,04 May 2026,3,07 May 2026,,,,,,,,,,,,,,,,,,,,,,,,,,,,,,,,,,,,,,,,,,,,,,,,,,,,,,,,,,,,,,,,,,,
26,DC Terminations to Inverters,8,Sets,08 May 2026,3,11 May 2026,,,,,,,,,,,,,,,,,,,,,,,,,,,,,,,,,,,,,,,,,,,,,,,,,,,,,,,,,,,,,,,,,,,
28,DC Earthing Works,2.4,MW,05 May 2026,6,11 May 2026,,,,,,,,,,,,,,,,,,,,,,,,,,,,,,,,,,,,,,,,,,,,,,,,,,,,,,,,,,,,,,,,,,,
29,INVERTER TO LT PANEL,,,,,,,,,,,,,,,,,,,,,,,,,,,,,,,,,,,,,,,,,,,,,,,,,,,,,,,,,,,,,,,,,,,,,,,,
30,Laying of INV-LT Cables,8,Lots,08 May 2026,1,09 May 2026,,,,,,,,,,,,,,,,,,,,,,,,,,,,,,,,,,,,,,,,,,,,,,,,,,,,,,,,,,,,,,,,,,,
31,AC Terminations at Inverter,8,Nos,09 May 2026,1,10 May 2026,,,,,,,,,,,,,,,,,,,,,,,,,,,,,,,,,,,,,,,,,,,,,,,,,,,,,,,,,,,,,,,,,,,
32,Inverter Earthing,8,Nos,10 May 2026,1,11 May 2026,,,,,,,,,,,,,,,,,,,,,,,,,,,,,,,,,,,,,,,,,,,,,,,,,,,,,,,,,,,,,,,,,,,
33,LT PANEL,,,,,,,,,,,,,,,,,,,,,,,,,,,,,,,,,,,,,,,,,,,,,,,,,,,,,,,,,,,,,,,,,,,,,,,,
34,Foundation for LT Panel,1,No,25 April 2026,10,05 May 2026,,,,,,,,,,,,,,,,,,,,,,,,,,,,,,,,,,,,,,,,,,,,,,,,,,,,,,,,,,,,,,,,,,,
35,Erection of LT Panel,1,No,15 May 2026,1,16 May 2026,,,,,,,,,,,,,,,,,,,,,,,,,,,,,,,,,,,,,,,,,,,,,,,,,,,,,,,,,,,,,,,,,,,
36,INV- LT Cables Termination,8,Lots,16 May 2026,1,17 May 2026,,,,,,,,,,,,,,,,,,,,,,,,,,,,,,,,,,,,,,,,,,,,,,,,,,,,,,,,,,,,,,,,,,,
37,Laying of Control and Communication Cables,1,Lot,17 May 2026,2,19 May 2026,,,,,,,,,,,,,,,,,,,,,,,,,,,,,,,,,,,,,,,,,,,,,,,,,,,,,,,,,,,,,,,,,,,
38,Aux System Installation,1,Lot,20 May 2026,2,22 May 2026,,,,,,,,,,,,,,,,,,,,,,,,,,,,,,,,,,,,,,,,,,,,,,,,,,,,,,,,,,,,,,,,,,,
39,LT Panel Earthing,1,Lot,19 May 2026,1,20 May 2026,,,,,,,,,,,,,,,,,,,,,,,,,,,,,,,,,,,,,,,,,,,,,,,,,,,,,,,,,,,,,,,,,,,
41,LT PANEL TO TRANSFORMER,,,,,,,,,,,,,,,,,,,,,,,,,,,,,,,,,,,,,,,,,,,,,,,,,,,,,,,,,,,,,,,,,,,,,,,,
42,Transformer Foundation,1,No,25 April 2026,10,05 May 2026,,,,,,,,,,,,,,,,,,,,,,,,,,,,,,,,,,,,,,,,,,,,,,,,,,,,,,,,,,,,,,,,,,,
43,Transformer Installation,1,No,15 May 2026,1,16 May 2026,,,,,,,,,,,,,,,,,,,,,,,,,,,,,,,,,,,,,,,,,,,,,,,,,,,,,,,,,,,,,,,,,,,
44,Cable Tray LT - IDT,1,Lot,16 May 2026,1,17 May 2026,,,,,,,,,,,,,,,,,,,,,,,,,,,,,,,,,,,,,,,,,,,,,,,,,,,,,,,,,,,,,,,,,,,
45,Cable Laying LT - IDT,1,Lot,17 May 2026,1,18 May 2026,,,,,,,,,,,,,,,,,,,,,,,,,,,,,,,,,,,,,,,,,,,,,,,,,,,,,,,,,,,,,,,,,,,
46,Cable Terminations LT - IDT,1,Lot,18 May 2026,1,19 May 2026,,,,,,,,,,,,,,,,,,,,,,,,,,,,,,,,,,,,,,,,,,,,,,,,,,,,,,,,,,,,,,,,,,,
47,Transformer Earthing,1,No,19 May 2026,1,20 May 2026,,,,,,,,,,,,,,,,,,,,,,,,,,,,,,,,,,,,,,,,,,,,,,,,,,,,,,,,,,,,,,,,,,,
48,TRANSFORMER to HT PANEL,,,,,,,,,,,,,,,,,,,,,,,,,,,,,,,,,,,,,,,,,,,,,,,,,,,,,,,,,,,,,,,,,,,,,,,,
49,HT Panel Foundation,1,No,25 April 2026,10,05 May 2026,,,,,,,,,,,,,,,,,,,,,,,,,,,,,,,,,,,,,,,,,,,,,,,,,,,,,,,,,,,,,,,,,,,
50,HT Panel Installation,1,No,30 May 2026,1,31 May 2026,,,,,,,,,,,,,,,,,,,,,,,,,,,,,,,,,,,,,,,,,,,,,,,,,,,,,,,,,,,,,,,,,,,
51,Cable Trench IDT - HT,1,Lot,31 May 2026,1,01 June 2026,,,,,,,,,,,,,,,,,,,,,,,,,,,,,,,,,,,,,,,,,,,,,,,,,,,,,,,,,,,,,,,,,,,
52,Cable Laying IDT - HT,1,Lot,01 June 2026,1,02 June 2026,,,,,,,,,,,,,,,,,,,,,,,,,,,,,,,,,,,,,,,,,,,,,,,,,,,,,,,,,,,,,,,,,,,
53,Cable Terminations IDT - HT,1,Lot,02 June 2026,1,03 June 2026,,,,,,,,,,,,,,,,,,,,,,,,,,,,,,,,,,,,,,,,,,,,,,,,,,,,,,,,,,,,,,,,,,,
54,HT Yard Earthing,1,Lot,03 June 2026,1,04 June 2026,,,,,,,,,,,,,,,,,,,,,,,,,,,,,,,,,,,,,,,,,,,,,,,,,,,,,,,,,,,,,,,,,,,
55,HT PANEL TO EVACUATION,,,,,,,,,,,,,,,,,,,,,,,,,,,,,,,,,,,,,,,,,,,,,,,,,,,,,,,,,,,,,,,,,,,,,,,,
56,DP Structure Erection,1,No,26 April 2026,2,28 April 2026,,,,,,,,,,,,,,,,,,,,,,,,,,,,,,,,,,,,,,,,,,,,,,,,,,,,,,,,,,,,,,,,,,,
57,Overhead Line Erection,1,Lot,28 April 2026,7,05 May 2026,,,,,,,,,,,,,,,,,,,,,,,,,,,,,,,,,,,,,,,,,,,,,,,,,,,,,,,,,,,,,,,,,,,
59,Bay at Substation,1,No,05 May 2026,20,25 May 2026,,,,,,,,,,,,,,,,,,,,,,,,,,,,,,,,,,,,,,,,,,,,,,,,,,,,,,,,,,,,,,,,,,,
60,HT Termination at Evacuation,1,Lot,25 May 2026,1,26 May 2026,,,,,,,,,,,,,,,,,,,,,,,,,,,,,,,,,,,,,,,,,,,,,,,,,,,,,,,,,,,,,,,,,,,
61,Metering System Installation,1,Lot,26 May 2026,1,27 May 2026,,,,,,,,,,,,,,,,,,,,,,,,,,,,,,,,,,,,,,,,,,,,,,,,,,,,,,,,,,,,,,,,,,,
62,Protection system Installation,1,Lot,27 May 2026,1,28 May 2026,,,,,,,,,,,,,,,,,,,,,,,,,,,,,,,,,,,,,,,,,,,,,,,,,,,,,,,,,,,,,,,,,,,
63,HT Testing,1,No,28 May 2026,1,29 May 2026,,,,,,,,,,,,,,,,,,,,,,,,,,,,,,,,,,,,,,,,,,,,,,,,,,,,,,,,,,,,,,,,,,,
64,Synchronization Readiness,1,No,29 May 2026,1,30 May 2026,,,,,,,,,,,,,,,,,,,,,,,,,,,,,,,,,,,,,,,,,,,,,,,,,,,,,,,,,,,,,,,,,,,
65,SCADA AND COMMUNICATION,,,,,,,,,,,,,,,,,,,,,,,,,,,,,,,,,,,,,,,,,,,,,,,,,,,,,,,,,,,,,,,,,,,,,,,,
67,Weather Station Installation,1,Lot,25 May 2026,3,28 May 2026,,,,,,,,,,,,,,,,,,,,,,,,,,,,,,,,,,,,,,,,,,,,,,,,,,,,,,,,,,,,,,,,,,,
66,SCADA Installation,1,Lot,28 May 2026,7,04 June 2026,,,,,,,,,,,,,,,,,,,,,,,,,,,,,,,,,,,,,,,,,,,,,,,,,,,,,,,,,,,,,,,,,,,
68,Communication Integration,1,Lot,04 June 2026,4,08 June 2026,,,,,,,,,,,,,,,,,,,,,,,,,,,,,,,,,,,,,,,,,,,,,,,,,,,,,,,,,,,,,,,,,,,
69,EARTHING SYSTEM,,,,,,,,,,,,,,,,,,,,,,,,,,,,,,,,,,,,,,,,,,,,,,,,,,,,,,,,,,,,,,,,,,,,,,,,
70,Earthing Grid Completion,1,Lot,15 May 2026,6,21 May 2026,,,,,,,,,,,,,,,,,,,,,,,,,,,,,,,,,,,,,,,,,,,,,,,,,,,,,,,,,,,,,,,,,,,
71,Lightning Arrestor Installation,1,Lot,21 May 2026,2,23 May 2026,,,,,,,,,,,,,,,,,,,,,,,,,,,,,,,,,,,,,,,,,,,,,,,,,,,,,,,,,,,,,,,,,,,
72,Earth resistance testing,1,Lot,23 May 2026,1,24 May 2026,,,,,,,,,,,,,,,,,,,,,,,,,,,,,,,,,,,,,,,,,,,,,,,,,,,,,,,,,,,,,,,,,,,
73,TESTING AND COMMISSIONING,,,,,,,,,,,,,,,,,,,,,,,,,,,,,,,,,,,,,,,,,,,,,,,,,,,,,,,,,,,,,,,,,,,,,,,,
74,Pre-commissioning checks,1,Lot,08 June 2026,4,12 June 2026,,,,,,,,,,,,,,,,,,,,,,,,,,,,,,,,,,,,,,,,,,,,,,,,,,,,,,,,,,,,,,,,,,,
77,System Integration Testing,1,Lot,12 June 2026,2,14 June 2026,,,,,,,,,,,,,,,,,,,,,,,,,,,,,,,,,,,,,,,,,,,,,,,,,,,,,,,,,,,,,,,,,,,
78,Final Commissioning,1,Lot,14 June 2026,2,16 June 2026,,,,,,,,,,,,,,,,,,,,,,,,,,,,,,,,,,,,,,,,,,,,,,,,,,,,,,,,,,,,,,,,,,,
